{"n_components":6,"variance_threshold":0.8,"explained_variance_ratio":[0.1634256868,0.1571528216,0.1490379641,0.1471667916,0.1343828231,0.128768576],"cumulative_variance_ratio":[0.1634256868,0.3205785084,0.4696164725,0.6167832641,0.7511660873,0.8799346633],"original_features":["time_night","time_morning","time_afternoon","time_evening","season_fall","season_spring","season_summer","season_winter","is_weekend"],"pca_components":["PC1","PC2","PC3","PC4","PC5","PC6"]}